Name,Phone number,Website,Email
"Mark Lindsay and Son Plumbing, Heating & Air Conditioning ",+1 973-858-4658,//www.googleadservices.com/pagead/aclk?sa=L&ai=DChcSEwjHmJSr4qmJAxUWkmgJHdpOBi0YABAAGgJ3Zg&co=1&ase=2&gclid=EAIaIQobChMIx5iUq-KpiQMVFpJoCR3aTgYtEBAYASAAEgKKF_D_BwE&ohost=www.google.com&cid=CAASEuRoybZ3J4bMNMLJIzbmJA1QSA&sig=AOD64_0K9hWg3ajqCYHTrqr8gypSYPWdig&adurl&q&ctype=99&nis=6,john@marklindsayplumbing.com nicole@marklindsayplumbing.com.
RR Plumbing Roto-Rooter ,+1 212-687-1215,https://www.rotorooter.com/manhattan/?utm_source=google&utm_medium=organic&utm_campaign=gmb&utm_content=website,roto.rooter@rrsc.com.
Aladdin Plumbing Corp. ,+1 718-783-4621,https://www.aladdinplumbingcorp.com/,aladdinplumbing@aol.com AladdinPlumbing2@gmail.com.
Rite Plumbing & Heating Inc ,+1 347-502-6441,http://www.riteplumbingnyc.com/,info@riteplumbingnyc.com info@riteplumbingil.com. jwilson@justriteplumbing.com johnnyplumbrite@yahoo.com info@plumb-rite.com price-riteplumbing@shaw.ca. setriteplumbingllc@gmail.com info@riteplumbingil.com.
Neo Plumbing & Heating Corp ,+1 646-860-0149,https://neoplumbingnyc.com/,agates@neo-plumbing.com. info@neoplumbingnyc.com phuketwaterfilter@gmail.com. sales@neoappliances.com service@neoappliances.com p.removal@neomaterials.com. sales-co-na@neomaterials.com.
Mr. Plumber Inc. ,+1 347-565-5130,https://mrplumber.nyc/,jsmith@mrplumberkc.net office@mrplumberfl.com. jsmith@mrplumberkc.net mrplumber@telus.net. jane.doe@mrplumberindy.com
NYC Quality Plumbing ,+1 332-222-0135,https://plumbingquality.com/,admin@qualityplumbingsupply.com. qualityplumbingheating@yahoo.com admin@qualityplumbingsupply.com. info@servewellNYC.com.
A&E NYC Plumbing ,+1 646-392-7164,https://www.topplumbernyc.com/,prenom.nom@example.com
HBNY Plumbing & Heating ,+1 347-830-7568,https://hbnyplumbing.com/,x3ecustomerservices@plumbnation.co.uk
Hub Plumbing & Heating ,+1 917-634-8888,https://www.hubplumbingnyc.com/,info@plumbhub.co.uk. paulplumbinghub@gmail.com jwood@hubplumbingnyc.com secretary@plumbing.org.au
Nexus New York Plumber & Drain ,+1 332-241-7066,https://newyorkplumberdrain.com/,plumbernew@outlook.com.
X Y T Plumbing & Heating Chelsea ,+1 646-588-0266,https://www.xytplumbingheatingchelsea.com/,sales@xinyu-international.com Office@A2Zheatingandplumbing.com.
24/7 Manhattan Plumbing NYC ,+1 646-543-5763,http://247manhattanplumbingnyc.com/,contact@247manhattanplumbingnyc.com. info@cjamesplumbing.nyc.
Plumbing NYC ,+1 646-580-7524,https://plumbingnyc.com/,bestplumbernewyork@gmail.com workwithus@nyplumbing.com info@tidalplumbingnyc.com info@cjamesplumbing.nyc. eric@mejplumbingnyc.com. info@plumbingfoundation.nyc marketing@nyps1.com. info@watsonsplumbingheating.com hiring@masterplumbingnyc.com.
LZ Manhattan Plumbing New York ,+1 315-526-8735,Not available,joe@acklem.com. richymac@aol.com. plumbarc@gmail.com. lmbuildingsupply@gmail.com. bluemarlin@optonline.net
NYC 24/7 Plumbing Pros ,+1 332-233-7070,Not available,Not available
Harris Plumbing & Heating Corporation | Backflow Preventer | Fire Sprinkler NYC ,+1 718-495-3400,http://www.harrisplumbingandheating.com/,hello@harrisplumbing.co.uk. info@harristps.com.au Steve@HarrisPlumbing.biz. harrisplumbingsolutions@gmail.com info@harrisplumbing.ca. x3eFirst.Last@harris.com FLast@harris.comLFirst x3eHeyHarris@HarrisFootball.com
AABC Plumbing ,+1 212-369-2500,Not available,info@abc-plumbing.com office@abcplumb.com office@abcplmg.com abcgasandpm@gmail.com. first@4abc.com
Lopez Plumbing & Heating Mechanical LLC ,+1 646-765-6232,http://lopezplumbing.com/,lopezarcadio8@gmail.com Alex@lopezplumbing.com.au. alex@lopezplumbing.com.au. sblopezplumbing@gmail.com. josh@lopezplumbingsystems.com.
WaterHouse Plumbing Company ,+1 212-777-3003,https://waterhouse.nyc/,Waterhousecompany@gmail.com. waterhouseplumbingandheating@gmail.com. office@mywaterhouseplumbing.com
NYC Emergency Plumber & Sewer ,+1 332-900-3335,https://nycemergencyplumbing.com/,laa-pr@buildings.nyc.gov. taylorgroup@taylorgroupplumbing.com. s@gmail.com
NYC Plumbing Solutions 24/7 ,+1 332-233-7252,https://nycplumbingsolutions24.com/,Not available
Harris Plumbing & Heating Corporation | Backflow Preventer | Fire Sprinkler NYC ,+1 718-495-3400,http://www.harrisplumbingandheating.com/,info@harristps.com.au hello@harrisplumbing.co.uk. Steve@HarrisPlumbing.biz. jnharris611@gmail.com. harrisplumbingsolutions@gmail.com x3eFirst.Last@harris.com FLast@harris.comLFirst x3eHeyHarris@HarrisFootball.com
Lopez Plumbing & Heating Mechanical LLC ,+1 646-765-6232,http://lopezplumbing.com/,Alex@lopezplumbing.com.au. lopezarcadio8@gmail.com alex@lopezplumbing.com.au. sblopezplumbing@gmail.com. josh@lopezplumbingsystems.com.
A Good Plumber Corp. ,+1 718-648-6838,https://agoodplumber.com/,last@arealgoodplumber.com info@goodplumbing.co.uk. agoodplumberny@gmail.com. jsmith@arealgoodplumber.com
Pemati Plumbing Services LLC ,+1 646-806-1231,http://pematiservices.com/,pematiservices@gmail.com pematiservices@gmail.com.
All NYC Drain Cleaning & Plumber Services ,+1 332-241-7679,https://nycdrain.com/,4995nyc@gmail.com.
Premier Plumbing Company NYC 24/7 ,+1 332-239-4044,Not available,premierplumbingwny@gmail.com WePlumbNow@gmail.com premierph20@gmail.com
Boris Mechanical ,+1 212-260-2006,http://www.borismechanical.com/,info@borismechanical.com. info@borisengineering.com.
SANY Plumbing Company 24/7 ,+1 332-241-7045,https://starnycplumber.com/,sany@sany-ne.com info@sunshineplumbingandgas.com
Pro NYC Plumbing Emergency Services ,+1 332-232-7877,Not available,info@riteplumbingnyc.com
Astoria Plumbers ,+1 646-919-1074,http://astoriaplumbers.nyc/,astoriaplumbingheatingcooling@yahoo.com. angelo@lemodeinc.com. astoriaplumbingheatingcooling@yahoo.com
NYC Plumbing Solutions 24/7 ,+1 332-233-7252,https://nycplumbingsolutions24.com/,Not available
"Taylor Group Plumbing, Heating, Mechanical & Sprinkler ",+1 866-738-6456,https://taylorgroupplumbing.com/the-bronx/?utm_campaign=gmb,taylorgroup@taylorgroupplumbing.com. info@taylorplumbing.net.
NYC Plumbing & Heating ,+1 332-222-3356,Not available,parkingstructures@buildings.nyc.gov. BXPlumbingIR@buildings.nyc.gov. workwithus@nyplumbing.com plumbinglR@buildings.nyc.gov marketing@nyps1.com. info@tidalplumbingnyc.com stuart@nycph.com. info@plumbingfoundation.nyc last_initial@nyplumbing.com x3eConstructionCodes@buildings.nyc.gov x3ejane.doe@nyc.gov
Munson NYC Sewer & Drain Cleaning Solution ,+1 332-900-2369,https://nycdrainsewer.com/,dforgas@cityofutica.com townclerk@lansingtown.com. alleganyheritagecenter@gmail.com.
247 Sewer Cleaning NYC ,+1 646-807-3761,http://247sewercleaningnyc.com/?GMB,Not available
Local Plumbing Company - PlumbingBO ,+1 315-228-9299,https://plumbingbo.com/,last_initial@localplumbingco.com
24/7 Quick Fix Plumbers NYC ,+1 315-284-2020,Not available,Not available
M's NYC Plumbing and Heating ,+1 914-436-6558,Not available,m.burtonplumbingandheating@gmail.com. office@mtplumbing.com last_initial@nyplumbing.com
Fast Plumbing NYC ,+1 332-249-5411,Not available,garrick@fastplumbingco info@watsonsplumbingheating.com inquiries@ssplumbingnyc.com
SH Emergency Plumbing NYC ,+1 332-249-5851,Not available,laa-pr@buildings.nyc.gov. switchandfix1@gmail.com. info@otecplumbing.nyc enzo@otecplumbing.nyc
"New York Plumbing, Heating & Cooling Corp. ",+1 718-441-6800,http://www.nyplumbing.com/,workwithus@nyplumbing.com last_initial@nyplumbing.com marketing@nyps1.com. info@watsonsplumbingheating.com
NYC Plumber Bronx & Drain Cleaning ,+1 914-515-2493,Not available,office@tiegerplumbing.com. info@advanceplumbingnyc.com. info@cjamesplumbing.nyc. info@pelhamplumbing.com plumbinglR@buildings.nyc.gov BXplumbinglR@buildings.nyc.gov newbiz@slph.nyc. info@tidalplumbingnyc.com taylorgroup@taylorgroupplumbing.com.
"Ariel Services, Inc. ",+1 718-557-9604,Not available,neick@aerialservicesinc.com ariel@arielservicesnyc.com. last@aerialservicesinc.com aservices@aerialservicesinc.com. arc@arielcorp.com appeng@arielcorp.com jread@americanaerialservices.com zjohndro@americanaerialservices.com info@aerialservicesinc.com.
Pipe Monkeys Sewer and Drain ,+1 718-749-1830,https://pipemonkeys.com/,drainmonkeyplumbing@yahoo.com
Fred Smith Plumbing & Heating ,+1 212-744-1300,http://www.fredsmithplumbing.com/,first@fredsmithplumbing.com phil@fredsmithplumbing.com.
"Vigilante Plumbing, Heating & Air Conditioning ",+1 718-530-0404,https://www.bestbrooklynplumber.com/,anthony@vigilanteplumbing.com john@vigilanteplumbing.com CustomerService@VigilantePlumbing.Com sal@vigilanteplumbing.com
G-Plumbing LLC ,+1 646-698-9036,http://g-plumbing.net/,gnrplumbing1@verizon.net admin@g-4plumbing.com info@jgplumbershouston.com infinityplumbing10@gmail.com.
RR Plumbing Roto-Rooter ,+1 718-485-0207,https://www.rotorooter.com/brooklynny/?utm_source=google&utm_medium=organic&utm_campaign=gmb&utm_content=website,roto.rooter@rrsc.com. last@rotorooter.com
PSE NYC Plumbing & Heating ,+1 332-237-5921,Not available,customercare@pse.com.
Nyc Plumbing Solutions ,+1 800-990-1591,https://nycplumbingsolutions.com/,contact@nycplumbingsolutions24.com. info@tidalplumbingnyc.com CNYPlumbingSolutions@gmail.com
24 Hour Plumber NYC ,+1 646-868-5918,http://24hourplumber.nyc/,s@gmail.com pematiservices@gmail.com. info@cjamesplumbing.nyc.
Plumbers Pro New York ,+1 315-284-0607,Not available,proplumbingheating716@gmail.com PlumbPro911@gmail.co
Mp Nyc Plumbers ,+1 212-457-1670,http://mpnyplumbers.com/,mgould@syrabex.com PlumbingBdandComm@buildings.nyc.gov. pplumbing@hotmail.com INFO@UALOCAL7.ORG
Brooklyn Plumber Sewer & Drain ,+1 332-286-1443,https://brookplumbingdrainsewerpros.com/,info@dovsewer.com
RXP Plumbing & Heating ,+1 646-916-3758,https://www.rxpplumbingheating.com/,gabriel@plumberxp.com. info@waterworxplumber.co.uk. flushsepticsolutions@gmail.com.
Emg Plumber NYC ,+1 646-736-0050,Not available,s@gmail.com bestplumbernewyork@gmail.com info@tidalplumbingnyc.com
NYC Plumbing Repair ,+1 212-996-3425,Not available,info@tidalplumbingnyc.com plumbarc@gmail.com. dinizioc@msn.com. info@plumbingfoundation.nyc.
Zara Plumbing Corp ,+1 212-647-0336,Not available,last@zaraplumbing.com milan@zaraplumbing.com.
525 Plumbing & Electric Maintenance ,+1 718-701-3658,https://www.525plumbingandelectric.com/,525plumbingservices@gmail.com. 525plumbingservices@gmail.com all.premium@sasktel.net. 365plumbingnv@gmail.com
525 Plumbing & Electric Maintenance ,+1 718-701-3658,https://www.525plumbingandelectric.com/,525plumbingservices@gmail.com. 525plumbingservices@gmail.com info@goldenbayplumbing.nz verdawn@local525.org verdawn@ualocal230.org.
New York Plumbing Works Inc. ,+1 718-271-3400,Not available,workwithus@nyplumbing.com info@pipeworksplumbing.co david@jcc-nyc.com mercedes@jcc-nyc.com. phworksinc@gmail.com.
New York Plumbing Supply Manhattan ,+1 888-969-6977,https://nyps1.com/,marketing@nyps1.com. marketing@nyps1.com. marketing@nyps1.com. marketing@nyps1.com. info@ampmsupply.com. sales@ampmsupply.com. sales@nyrpcorp.com info@genuineplumbing.net info@brothersps.com. AP@cpsnys.com. porshe@cpsnys.com. angel@cpsnys.com. mserban@tradesupplygroup.com
Lab Plumbing & Heating Co ,+1 212-246-9690,http://labnyc.com/,info@theplumbinglab.co.nz. michael@lab-sanitary.com info@proveng.com.au info@theplumbinglab.co.nz. soiltesting@ag.tamu.edu qualitycontrol@thewaterlab.ie.
Perfect Plumbing and Heating Repairs ,+1 718-710-1603,https://perfect-plumbing.com/,monitr@aol.com
Ludlow Plumbing Supply inc. ,+1 646-370-1338,Not available,ludlowplumbingcompany@yahoo.com lu_d@hotmail.co.uk NFA.Ludlow@wolseley.co.uk. tradecounter@ase-supplies.co.uk tradecounter@ase-supplies.co.uk. lu_d@hotmail.co.uk.
Plumber NYC ,+1 212-222-2220,Not available,bestplumbernewyork@gmail.com plumbinglR@buildings.nyc.gov MNplumbingIR@buildings.nyc.gov info@watsonsplumbingheating.com workwithus@nyplumbing.com info@riteplumbingnyc.com info@masterplumbingnyc. fjrplumbing@yahoo.com. erolakyurek@yahoo.com.
IMP Plumbing & Heating Corp. ,+1 212-564-2246,https://www.impplumbing.com/,service@impplumbing.com. permits@impplumbing.com. accounting@impplumbing.com. impvendor@gmail.com. SERVICE@IMPPLUMBING.COM
Blaustein Plumbing ,+1 212-925-6250,http://www.blausteinplumbing.com/,info@blausteinplumbing.com. maury3043@hotmail.com.
New York Drain Restoration inc ,+1 212-693-7246,Not available,Not available
Gps plumbing nyc ,+1 718-382-7696,Not available,pinchasob@gmail.com. pinchasob@gmail.com. info@gpsplumbingli.com info@gpsplumbingli.com. sales@generalplumbingsupply.net
Nianday Plumbing and Heating ,+1 718-681-5246,http://www.niandayplumbingandsewer.com/,niandaypumps@hotmail.com
Tucker & Sons Plumbing ,+1 646-687-7277,Not available,feedback@TCNetwork.com. asktucker@tcnetwork.com info@tcnetwork.com teamtucker@mail. tips@TCNetwork.com. info@TCNetwork.com info@tuckersnh.com
Crown Plumbing Inc ,+1 212-426-6282,https://www.crownplumbingnyc.com/,crowncityplumbinginc@yahoo.com crownplumbingandgas@gmail.com contact@crownplumbing.com crownplumbing1@bellsouth.net. contact@crownplumber.com
MVP NYC Plumbing & Drain ,+1 332-249-5578,Not available,jane@mvpplumbinginc.com authorizationrequest@mvphealthcare.com
Fort Greene Plumbing and Heating Services ,+1 347-669-5411,http://www.fortgreeneplumbingandheating.com/,info@fortgreeneplumbingandheating.com. ftgreeneplumbingandheating@yahoo.com
NYC Plumbing Heating Drain Cleaning ,+1 917-379-6727,http://nyc-hvacplumbing.com/,info@metropolitanplumbing.com. plumbarc@gmail.com. rob@cartellisplumbing.com. info@advanceplumbingnyc.com.
Emergency Plumber NYC ,+1 646-736-4811,Not available,taylorgroup@taylorgroupplumbing.com. s@gmail.com
Sideris Plumbing & Heating Corp. ,+1 718-626-1836,https://www.siderisplumbingandheating.com/,info@sideris-plumbing.com. john@sideris-plumbing.com. info@msiderhs.gr
The Pump Guys Pump & Motor Specialist ,+1 212-239-1094,https://thepumpguys.solutions/,info@thepumpguy.com.au. wetenvironmentalllc@outlook.com
Brooklyn Heating and Plumbing ,+1 646-989-3795,https://brooklynplumbingheating.com/,office@brooklynplumbingandheating.comINTERNETWebsite first@brooklynplumbingsupply.com brooklynplumbingheat@gmail.com Info@pictureperfectplumbingnyc.com.
NYC Sewer and Drain Pro Solutions ,+1 718-500-5717,http://nycseweranddrain.com/,services@sewerndrainprosolutions.con plumbingsewerdrainservice@gmail.com
nyc plumbing ,+1 212-269-4357,Not available,parkingstructures@buildings.nyc.gov. BXPlumbingIR@buildings.nyc.gov. workwithus@nyplumbing.com info@tidalplumbingnyc.com info@plumbingfoundation.nyc stuart@nycph.com. marketing@nyps1.com. plumbinglR@buildings.nyc.gov x3eConstructionCodes@buildings.nyc.gov x3ejane.doe@nyc.gov
Intrepidus Piping & Heating Services ,+1 646-353-7469,Not available,info@intrepidus.com.au Privacy@intrepidus.com.au.
"NEW YORK PARK Plumbing & Heating, Corp. ",+1 718-609-4136,https://www.tak-plumbing.com/,INFO.NYPARK@GMAIL.COM INFO.NYPARK@GMAIL.COM INFO.NYPARK@GMAIL. parkplumbingheating@yahoo.com. chelseaparkplumbingheating@yahoo.com.
Premiere Rooter and Plumbing NYC ,+1 646-737-6571,https://premiererooterandplumbingnyc.com/,premierrooterandplumbingny@gmail.com. PremierRPSD@gmail.com.
NONSTOP PLUMBERS CORP ,+1 646-992-9210,http://www.nonstopplumbers.com/,info@nonstopplumbingsc.com. rogerronie@outlook
Aqua Blue Plumbing ,+1 212-678-7800,Not available,info@aquabluplumbing.com.au. office@aquabluplumbing.com info@aquablueplumbing.com.au. info@acquaplumbingandgas.com.au aquablueplumbing@gmail.com info@aquabluplumbing.com.au.
Plumbing emergency service 24 7 ,+1 917-603-7751,Not available,info@emergencyplumber247.co.uk
Go Pro Plumbing & Heating ,+1 718-777-8933,Not available,pieter@gppe.co.za anton@gppe
Best Plumbing and Heating Company NY ,+1 212-377-3051,http://www.varickstreetplumbingandheating.info/contactus.html,bestpha2012@gmail.com. bestpha2012@gmail.com. bestpha2012@gmail.com
Handyman Service & Apartment Repair & Property Maintenance & Electrician & Plumber & Painter | Vlad Can Fix Anything In NYC ,+1 646-504-3330,http://vladfix.nyc/,jane@carlwattsartist.com Joe@asaphandymanservice.com d.littlechild@icloud.com
RR Plumbing Roto-Rooter ,+1 718-885-4934,https://www.rotorooter.com/eastflatbushny/?utm_source=google&utm_medium=organic&utm_campaign=gmb&utm_content=website,roto.rooter@rrsc.com. last@rotorooter.com
Demar Plumbing Corporation ,+1 212-614-9717,https://demarnyc.com/,last@demarnyc.com info@DemarNYC.com estimating@DemarNYC.com accountsreceivable@DemarNYC.com alex@demarplumbingnyc.com. demarpecontact@gmail.com.
SE Emergency Plumber Queens ,+1 315-238-6901,Not available,Not available
Centre Plumbing and Heating ,+1 212-293-1330,Not available,admin@centralplumbers.co.uk centralplumb@verizon.net. last@centralph.com claire@centralplumbers.co. first@centralplumbers.co.uk
Above and Beyond Plumbing & Heating Corp. ,+1 718-484-4911,https://abovebeyondplumbing.com/,abovebeyondplumbing@gmail.com. simon@abplumbserv.co.uk. aboveandbeyondtowaco@gmail.com simon@abplumbserv.co.uk. simon@abplumbserv.co.uk abovebeyondplumbing@gmail.com. aboveandbeyondtowaco@gmail.com nathan@aboveandbeyondelectric.com pam@aboveandbeyondelectric.com.
Big Benz plumbing and heating INC ,+1 646-597-1460,https://bigbenzplumbing.wixsite.com/plumbing-repair,info@bensplumbingandheatinggroup.co.uk
NYC Drain Cleaning ,+1 212-641-0256,http://www.4995nyc.com/,nyc1sewer@gmail.com. info@gothamdrains.com.
"NY Plumbing Pros, Inc. ",+1 718-296-1002,https://www.nyplumbingpros.com/,info@nyplumbingpros.com info@plumbingprosinc.com info@sawyerplumbing.net.
"NY Plumbing Pros, Inc. ",+1 718-296-1002,https://www.nyplumbingpros.com/,info@nyplumbingpros.com info@plumbingprosinc.com info@sawyerplumbing.net.
24/7 NYC Plumbing Solutions ,+1 332-233-7088,Not available,info@riteplumbingnyc.com
24 HOURS PLUMBING ,+1 917-965-8298,http://24hoursplumbing.com/,email@ashford24hrplumbers.com.
Plumbing and Heating ,+1 212-377-2689,http://maidenlaneplumbingandheating.info/contactus.html,info@asplumbingandgas.co.uk. info@scottfindlay.co.uk info@precisionplumbingandheating.co.uk admin@dmrheating.com.
Pro Star Plumbing - Emergency and Residential Plumbing Repair Contractor and Drain Cleaning Service ,+1 929-229-2781,Not available,prostardrains@gmail.com.
"Tech Sewer Cleaning - Plumber Queens Village NY (Camera Inspection, Hydro Jetting & More) ",+1 347-703-7558,https://www.techsewerservice.com/,thawkins960@gmail.com.
Your Local Plumber in NY ,+1 720-222-5057,http://www.judysbook.com/Your-Local-Plumber-in-NY-10029-Plumbing-newyork-r30329041t1.htm,info@watsonsplumbingheating.com
ALITE NYC Plumbing Emergency ,+1 332-249-5850,https://nycplumbingemergency.com/,Not available
St Marks Plumbing & Heating ,+1 212-377-2866,Not available,info@cisleads.com. office@saintmarks.school.nz. principal@saintmarks.school.nz. info@marksplumbingservice.com. saintmarksplumbingandheating@yahoo.com
Paul Quinn Plumbing & Heating Inc ,+1 212-244-0298,Not available,Not available
Ste Brooklyn Drain Clean & Plumbing ,+1 332-266-3788,Not available,emergencydrainclean@gmail.com emergencydrainclean@gmail.com. Service.CuttingEdgeSewer@gmail.com
Alex The Plumber ,+1 917-601-8701,https://bronxfaucetinstallation.com/,alex@alextheplumber.co.nz alex@alextheplumber.co.nz. hello@yourwebsite.com. ealextheplumber@gmail.com alex@alextheplumber.co.nz. r@gmail.com
All Phase Plumbing & Rooter ,+1 718-641-0902,http://www.allphaseplumbers.com/,contact@allphaseplumbinginc.com info@allphaseplumbing.com.au. myallphase@optonline.net john@allphaseph.com
24 Hour Emergency Plumber NYC - Brooklyn ,+1 347-462-0214,https://www.24houremergencyplumbernyc.com/brooklyn/,Not available
West New York Plumbing And Heating ,+1 201-479-2926,http://www.westnewyorkplumber.org/,marketing@nyps1.com. allpurpose1008@aol.com
Nationwide Plumbers ,+1 718-748-2727,https://nationwideplumbers.com/,Info@nwpflkeys.com. nationwideplumbingllc@gmail.com recep@nationwideplumbing.com.au. Nationwideplumbingmd@gmail.com.
Sunset Park Plumbing and Heating Services ,+1 646-854-1745,http://sunsetparkplumbingandheating.com/,sunsetparkplumbingheating@gmail.com. Estimation@SunsetParkLicensedPlumberCo.com sunsetparkplumbingheating@gmail.com. info@mybrooklyn.com
H&A Staten Island Plumbing ,+1 646-904-4087,https://www.bestplumberqueensny.com/staten-island-ny/,h@gmail.com h@gmail.com
HT PLUMBING & HEATING CORP. ,+1 917-435-0063,https://htplumbingnyc.com/,sales@htmarketing.com.tw sales@htmarketing.com.tw. harrithomas93@hotmail.com support@ht-pump.com.
"Petri Plumbing, Heating Cooling & Drain Cleaning ",+1 929-209-4685,https://www.petriplumbing.com/?utm_source=google&utm_medium=gbp&utm_campaign=local,Not available
